ID,totalmins,logindays,loginwks,pageviews,posts,ptp,ate,totaldays,act_wkpv,dur_wkpv,act_ptp,dur_ptp,act_ate,dur_ate,sdwkpv,sdptp,sdate,rate_wkpv,rate_ptp,rate_ate,true_gmm_component,kmeans_full_data_cluster
1,149.78612245589446,6.918132075776919,4.882612366232233,953.4022158731747,0.0022350390680533493,0.00023747247792370985,0.0,86.6066789072806,4.889040202096845,6.711535962863046,0.0008619345807463188,8.515659506995288e-05,0.0,0.0,78.95753857405184,0.0,0.0,0.715210226438695,0.00010562852454612878,0.00017060353609938192,5,5
2,175.28984673322023,23.323179993482878,15.27276129237081,507.17884914396757,3.7969076538230775,0.0,4.135682468435491,91.01855681041194,15.642872411733517,24.63169402174909,0.0,0.0,1.81702749779113,6.336618539003654,63.84182119654706,0.0,0.6902034855301293,0.611072134649332,0.0,0.2858802468380035,1,4
3,0.000998339574280845,0.0,0.0010629854313292722,0.0,0.0,0.0,0.0,0.0,0.0,0.00014232403823090004,0.0005637997113142868,6.818576405247182e-05,2.7048876127963028e-05,5.954887916727055e-05,0.0,0.0,5.1492350719739106e-05,0.0,6.233242478381289e-05,0.00034642491229476536,3,3
4,74.37368107496438,10.28033244739351,14.017240833329874,280.4638623621986,1.5405114969163693,0.654286922156545,1.277835317346613,133.6872882955028,9.866109861719455,17.72502865439867,1.561846234914292,6.467609170297084,1.2799336844793276,1.2785563781493057,19.793790311430325,0.019475207880035147,0.28543658479870015,0.5245269456211787,0.29814117689165065,1.27789511227247,2,4
5,342.8289458102031,7.735936047811451,4.065844212678485,385.8242022866557,1.9085451263359152,2.50364699239226,0.2882477847483432,57.95240630181103,6.233566518242512,6.173903478953409,1.4384750648003544,2.4719794160506137,0.2880174212144785,0.28749124048437136,34.47398623954025,0.5369372738243323,0.08009957770650014,0.9420152828213302,0.6786307404497329,0.28749389129515696,2,1
6,9.050215652245805,0.0,0.17091890110694877,8.179624317906901,0.0,0.0,0.0,1.7051261346745346,0.168865486698008,0.0,0.0,0.0,7.425364806034254e-05,0.0,2.184848018767998,7.619372466563478e-05,0.0,1.2009315367815998,0.0,4.475880637610777e-05,5,5
7,148.9485260606707,2.2940125813028835,1.810345868727934,47.98843734475091,0.0,2.0976799802208356e-05,0.0004820076234721122,30.860980237390116,1.8103618093110927,7.459496445956878,0.0003286324796918143,0.0009656031693447365,0.00037892388440286987,0.0,11.217254626249515,0.0,0.0,0.3137374305782446,0.00016742157176419448,0.0,5,5
8,0.0,0.0,8.895170778212872e-05,0.0,0.0,0.0,0.0009196148019449891,0.002884925521984329,0.0014004482439817364,0.0,1.896488366907522e-05,0.0,0.0,0.0008547314499689576,0.0,0.0,0.00023871850498605272,0.0,0.0,0.0,3,3
9,0.8387609022856135,1.918685801771523,1.5602154735951883,0.7468888052171412,0.0,0.00034264952434135814,0.0,11.915054280823277,1.5626562221088562,0.9241622532512175,0.0,0.0,0.0,0.000349651684731854,0.0,0.0,0.0002944852462826207,1.2387617350871354,0.00036874329657968967,0.00028628557137439046,5,5
10,76.4525795045121,7.4794869518479405,4.112672604784275,635.9272532743296,3.891831576174932e-05,0.0,0.0,51.85907713865891,4.111459506982273,9.065175483363438,0.0,0.0008487871747975793,0.0,0.0,59.77732392581004,0.000127092645594542,0.0,0.4435288632684157,0.0,0.0,5,5
11,634.6940012070226,12.564241828794966,9.39139202141801,441.21735016759914,4.08961875304298,1.2978802420211148,1.9469163206333029,98.0884888612921,9.145933795129903,12.880193914765242,1.7730338773113385,1.4970843744829208,2.189042093527947,1.3136780045989398,29.719879776089407,0.09085560743440509,0.15961344722556906,0.7238540349845197,1.0561302195081943,1.2678806458180825,4,4
12,0.0,0.0,0.0,0.0,0.0,0.0005527723440380878,0.001155399328319654,0.0,0.0,0.001967046599126666,0.0002685228545977754,0.00043914688169647534,0.0004450993504167141,0.0009569953673967856,0.0,4.27103164695766e-05,0.0,0.00014230817632194655,6.292138113484552e-05,6.627256575725331e-05,3,3
13,77.69172020028559,10.125457057213092,7.4051151934342325,465.75690152884346,0.00036668421992187784,0.0003506193446338302,0.0002406271807336686,60.52510282833597,7.401011312216305,7.615034124715885,0.0,0.0,0.0,0.0,61.37067108742273,8.320426082045639e-05,0.0,0.9302931033659829,0.0001384069307987594,0.0,5,5
14,0.0,0.0003979491675364133,0.0,0.0,0.0,0.0005016155358754343,5.374671630120146e-05,0.0012663258774775516,0.0,0.0011069726794009091,0.00014923430595521468,0.00014427389761846295,0.0,0.0,0.0010299729041056502,0.0,0.0,0.00018641845008516674,0.00014179278748342275,5.175606137322774e-06,3,3
15,54.35840703381001,3.676007185476209,2.682695550242631,256.4355308046035,0.0,0.0010837749553217657,0.000727408963171519,59.46925064278604,2.6816281120896415,3.9691470961510786,0.0,0.0011404441723677544,0.0006891494734409746,5.299503302097223e-05,32.42994352218361,0.0,0.0,0.6531549276357507,0.0,0.0,5,5
16,7.8655400926841725,1.3634946303096092,1.6449459444086627,11.398357614775058,0.0014686429083967199,0.0005611977890347292,0.00205298545669366,13.78836740627802,1.643665246583899,0.9434489312141756,0.0,0.00024186237042991135,0.0,0.0,2.744136969808559,0.0,0.0,1.1388573972435756,0.0,0.0,5,5
17,1.6896912006769793,1.659991103041258,1.8265787517891092,9.91234468660406,0.000330683483374012,0.0004685846624067533,0.0003507333632372508,17.14720642242031,1.8337492052793576,1.953347969005884,8.726463073644144e-05,0.0,0.0006652638705187838,0.0,1.5333326830801774,0.0,0.0,0.9077562664000922,0.00015573347587640284,0.0002225972789015758,5,5
18,0.0011572349905397048,0.0,0.001479052439619516,0.0013539863716956326,0.0001770422234464772,0.0,0.00046442676434362874,0.0020958210315062125,0.0,0.0007065751235033966,0.0,0.0009613463143045782,0.0009802045370795754,0.0,0.0,0.00021291437052543878,7.906004589813754e-06,0.0,9.417139220311104e-05,8.805042742550392e-05,3,3
19,5.80793992284461,1.0394075120672932,1.110762754318415,27.278115778069814,0.0,0.0,0.0,145.62255532971312,1.105704816948526,5.232045434959172,0.0,0.0,0.0001165521226600239,0.00038667684276471074,9.086235572682536,0.0,0.0003300650673741874,0.3872103727746474,0.0,0.0,5,5
20,711.7133478610841,46.26787638256548,12.954995947666822,2637.1034219991843,14.551671271518995,10.40481560645709,6.204935824100775,114.92745607826559,13.040980647141037,15.979037237030802,3.350495438970303,3.598497099703355,2.442830550007547,2.777727963908843,212.0754157036738,1.512950299673852,1.0908695877091112,0.8162191469378857,0.8667176312222393,0.8498793535229083,4,2
21,0.0,0.0,0.0,0.0009689658650103519,0.0,0.0,0.0003453867548141155,0.0010596573499131682,0.00045347268415757484,0.0,0.0,0.0,0.0,0.0002150480819488318,0.0,6.116207011121427e-05,0.00050089092645051,0.0,0.0,0.0,3,3
22,983.2228227744617,13.29752560087858,4.108018600461888,373.203536130078,1.4117876199616313,1.0530761039634609,0.014255478581124272,67.1815441122042,5.93398927091584,8.453115161646014,0.5258918260789547,0.06940444893141791,0.01392145780946829,0.013432040745969,39.83463112419501,0.39577853359031523,0.004137089266544769,0.7250307027088325,1.3592487486615767,0.014201399630802091,2,1
23,333.595219576483,6.063644142701418,4.999497878617824,161.66089582780765,14.327173887156109,4.404446295970877,8.902380461185073,53.70485741511316,5.0506236126013615,8.633276123432697,2.1083423177161817,3.113311168061416,2.38069282286444,3.069868744015306,22.45923204106513,0.8125551332166316,1.4748313393917676,0.5821999512182112,0.7835055386208283,0.8562237102741421,4,2
24,194.91510790819476,5.873999893326201,4.736659927668118,958.0230121059107,1.3814077988325101e-05,0.0005763759555904521,0.00036209340368079345,115.1969278515926,4.746052014904808,15.453646777368238,5.159265785140069e-05,0.0,0.0001841973404116279,0.00014565400585739036,93.57773762353644,0.0,0.00013841224966415144,0.2751370918086429,8.913878346228303e-05,0.0,5,5
25,77.4503001867311,6.324666603942418,2.2809758251597274,247.65291974301357,4.1846266270398145,5.819598902796442,0.5685971329966155,61.092600765443905,4.227017448828677,9.227002451530328,1.5832604284565064,3.7329242310395108,0.5690381278122822,0.5680628044453835,35.110656842507424,1.1195865892468735,0.14762033958605664,0.49277475580584407,0.5728924804723823,0.568885540261546,2,1
26,200.7738908001337,11.39996039102646,5.830024342539427,528.2642442230302,1.28822856486922,0.0,1.4205210476912566,89.424344193604,6.1638040329318216,11.723002525190877,0.0,0.0,0.9536709699520505,0.20080038380149468,52.97161618193065,0.0,0.3869402861918877,0.5962422670849854,0.0,1.2379878699192313,1,4
27,504.363953304594,28.14006354197337,15.50627864226525,476.82072122556013,6.7490093512512965,4.0628883576714125,2.1602491122962815,183.49877992230543,15.982534089403373,23.402286561287454,2.8767087658598918,4.05844161872524,4.468472375591997,8.75039957679248,23.409155732982036,0.4490415867126574,0.0,0.6904884862922376,0.7607475768110727,0.47881480831244433,4,2
28,43.910520008997054,2.995537185515198,3.2953692127124397,180.72647677664108,0.0,0.00028475951611015075,0.0,14.673149050763174,3.2938127556470542,8.310816208520665,0.0003214756128901237,0.00019940184620465757,0.0,0.0003633656932827417,25.123653908186046,0.0002428524990955238,4.580313254762713e-05,0.47889560247504437,0.0,0.0,5,5
29,221.08157001518714,6.805854376675959,4.593015284250018,457.498409419198,0.0,0.00010742288078023895,0.0,116.68394780427764,4.592309515774012,6.754452606685767,0.0,0.00027876050923601845,0.0,0.001128823146191345,42.54418147603198,0.0004094310603277886,0.0,0.7013243353276328,0.0,0.00044717102058662464,5,5
30,38.64428722889746,3.8089146475011555,3.2844574911472595,244.1827613221161,0.0024417853585496675,0.00021817063834195238,0.0003849831137149809,45.56568711263669,3.2873417448851088,4.780705413445683,0.00018165017381221912,0.0002867920713986077,0.0,0.0004921011471926661,33.2982822399415,0.0005251572165963523,0.0,0.6394925201767452,0.0,0.0,5,5
31,0.0,0.7803409318645611,1.1055731391119448,1.293112126463575,0.0,0.0010215630792625248,5.502391002490079e-05,13.479044001160538,1.1032678121465294,1.2238226275891222,0.00011094465410525308,0.0,0.0005606265702995023,0.0001436025883095849,0.0,0.0,0.0,0.9204427537874771,0.000183106831032317,6.055189502466417e-05,5,5
32,28.906423450160542,3.442413195572235,2.4703248843699495,243.36333270877182,0.0,0.0004008121883868764,0.0,13.55006318093606,2.473191420970596,4.288573497083871,1.276094150473657e-05,0.001346405876767621,0.0005041506081280112,0.0006261623388255458,27.33207644429181,0.0,0.0,0.6966626608974127,0.0,0.0,5,5
33,0.0,0.0,2.6726944861401303e-05,0.0,0.0,0.0,0.000540649568070757,0.0010090827548924197,0.0,1.1961227638048071e-05,0.0,0.00020973499459145292,0.0002221882403051827,0.0,0.0019130497940480515,0.0,0.0003632409775772381,6.0293582165633057e-05,0.0,0.0002519157882118459,3,3
34,41.04815910985606,3.5451851007013477,2.4367109520730823,81.12607218987903,0.0,0.0006244667297257237,0.0,15.41408513003465,2.431468234222213,4.565669534867926,0.0,0.0,0.00047274059732994113,0.0005251281950422579,10.90398698796422,8.29464190648647e-05,0.00013917588736772372,0.6199701916916314,0.0,0.0,5,5
35,56.07786303566595,4.386855683767151,2.8659770893677314,117.1750697457947,0.0,0.0005766587572360127,0.00015568607734761896,64.58465958890993,2.8638337924176103,12.623978536716459,0.0,0.0,0.0,0.0,17.598056500358144,6.379087460667193e-05,0.0002303814219615359,0.22813102546980008,9.116746006130355e-05,0.00015353197346638586,5,5
36,0.00333209200214338,1.810411197144098e-05,0.00024255542399506235,0.0,0.0003304155698120893,0.0005771484582505009,0.0,0.0022233215960130014,0.00012155189782923563,0.0023341191295978246,0.0,0.0,0.0,0.0,0.0016292848185519872,0.0,0.0003184877825195577,0.00023605680765748495,0.0003591405710787885,0.0003724164014651932,3,3
37,22.879222395540218,3.4621798401622588,3.143204802655454,129.37147312507693,0.0,0.0,0.0,46.37736758526057,3.145565569639124,3.231025373239196,0.0,0.0,0.0004770205919340311,0.0012925978452678628,23.99118551220064,0.00031698685889539735,0.0,0.8779625198028083,0.0,1.5477475140494276e-05,5,5
38,2.324428051957634,0.32605507941967177,0.5085172984094939,1.2277163750178701,0.0,0.0,0.0,7.185241199102572,0.5107556223783827,0.2960328181551581,1.0372597358080144e-05,0.0,0.0,3.161344490478664e-05,0.07907619137300816,0.00016094724625707833,0.0,1.1533100043713573,0.0001170892748779891,0.0,5,5
39,0.0,0.0,0.0,0.0,0.0007576805910823229,0.000805992139633603,0.0006395658997010055,0.0016261945685877087,0.0,0.0,0.00046111238874736813,0.0,0.0007124843296402984,0.0,0.0,0.00017784296540802755,0.0,7.505861717389345e-05,9.622352102024251e-06,0.0,3,3
40,324.38079096925185,12.578135394779219,7.1722057624531,1047.1333899466063,6.25763643074012,1.1340629788759622,5.0137050188382135,60.546463401044356,7.588839376377498,8.334853620442475,0.03256775855973352,0.0,3.310842618319244,6.126811688618388,214.15097108964636,0.6658252662028061,0.8094161449125945,0.9013128981995231,1.5956973747996663,0.545586443625695,4,4
41,495.9987860953009,27.497838653139116,10.274105618936643,690.4733825943144,1.9711186333696902,0.2302614704901802,1.725504348761016,103.92219942798168,10.48634956965845,10.178317992277695,0.23126334881224747,0.2316503967584119,1.8726549767637901,2.5783023583184748,37.169795405160016,0.06523922015184168,0.28896523390550016,0.9968459744592031,0.23195205255687426,0.814079421561783,1,4
42,45.918790387564975,2.3836638248886115,1.5439946250231893,20.007794275246653,0.0,0.0002120848146995759,0.0005141041896228795,90.98259249844621,1.5439459599608591,2.894335682722633,0.0004135936602104462,0.0,0.0,0.0,5.847240505207679,2.339282783103893e-05,0.0,0.7122582334439149,0.0,0.0,5,5
43,0.002136964175582516,0.0010458985887293953,0.00150477672026687,0.0011048295748039574,0.0014877367993481093,0.0,0.0001530869227208806,0.0,0.000857370893937443,0.00038156144324794864,0.0,0.0,0.0006200429538122464,0.00031879230942051615,0.002112328187821126,9.765660935910941e-05,0.0,8.354897904889642e-05,0.0002699983933694024,0.0,3,3
44,7.8911503534229155,1.815104009717953,1.4953751936494695,5.83860359025247,0.0,0.0008702749892701755,0.0,30.432612220786833,1.4949223695752014,0.247835458432174,0.0,0.0002425736555002599,0.0,0.0,1.5338923603843293,0.0,0.00017647173656795866,1.528858779682544,0.00023830417849033671,0.0003375079154134148,5,5
45,45.77522159113537,11.771694447060735,4.066355302197206,261.0818941931154,4.834341036875451,6.832751658749905,0.0,85.85237526220091,5.1099385896189995,10.903795422743718,3.55697694581327,6.849850248768032,0.0,0.0,41.575594062888285,0.8832279293889091,0.0,0.516831845731488,0.6521406762238948,0.0,2,1
46,0.0027967557704218697,0.0006611443320231478,0.0,0.0,0.0,0.0,0.0006666632866288044,0.001473113665672851,0.0,0.0,0.0,0.0009327861779407102,0.0,0.0,0.002043512098573104,0.0,0.0003370708180172074,0.0001897911081897459,0.0,0.0,3,3
47,257.38440583245455,9.615416387783915,5.776627999384144,243.7158332897046,5.272341877136682,0.0,5.389866925238361,87.00973834466824,5.7619381818225985,9.907145599864316,0.0,0.0,1.701876513655896,1.241450874292258,26.044334866569706,0.0,1.0242306288680525,0.6126733824797104,0.0,1.1103529587670575,1,4
48,389.272472050857,14.922907483099548,11.821464924815002,222.48765367454246,7.445894951491557,0.25499089059975016,6.678801592737579,143.59549446035172,11.385427049507117,24.514508969232196,0.25384953236401026,0.2546388883748816,5.362801234922996,14.005751801043415,13.51034322256265,0.07165727202428064,0.6194813775940782,0.4814060725696393,0.2548617479853942,0.38347845521054896,1,4
49,475.37727039221045,30.56175910141052,10.73187654321084,518.6372880244311,14.207323449593801,5.072810020410692,8.158244536642858,102.9823077311988,10.413348280068861,12.89006372529772,2.2234766869448332,0.9087405933777215,8.56482855629525,12.282242282319944,55.696659156358,0.8939295345929814,0.7176589851975317,0.8144658792847548,1.5526293176365367,0.6183608734911292,4,2
50,304.33258224685505,27.268282928290727,9.271534891340451,717.0195930937997,18.032061140608683,3.106935113065574,13.394274761133191,85.36272986148214,9.129340481166334,12.167590616406047,1.9003927306250024,1.9808330653986315,7.043568945985614,16.54012602492609,75.03245345156836,0.6834490166905676,1.4272587967481005,0.757319680567444,1.017011454658698,0.36650186052903344,4,2
51,231.52220672130883,15.220745761882505,6.449737267221555,372.8954639424312,4.05884438566103,3.3411468752480245,0.0,75.17280414569933,7.052783823850849,10.72679269292691,2.4850593794634235,4.545426233051625,0.0,0.0,37.59131228262948,0.5305964136866821,0.0,0.6866953184143523,0.6630052673768201,0.0,2,1
52,0.0,0.0009050274577162144,0.0009738993561811611,0.0,0.0,0.0006516106926029813,0.0,0.0,0.0,0.0,0.0,0.0,0.0,0.0,0.00043878763063661514,0.00015374807383112182,0.0,0.00034617339181781395,0.0,0.0,3,3
53,548.8587066032635,31.509110555372175,14.742850450495656,519.278909603456,6.163390258866266,0.0,6.229955114517646,115.24170829266113,14.497665975802343,19.017912448188287,0.0,0.0,2.907774262879016,8.465437588861878,31.761086973459754,0.0,0.8364161935782937,0.7664853785908576,0.0,0.38564470837082615,1,4
54,0.0019143523244882434,0.0006226105909355858,0.0,0.003121609807725476,0.0,5.5839993135523e-05,0.0,0.0011852135049249194,0.0007103202030594616,0.0,0.0001743106238575802,0.00016421920558621153,0.0,0.001770848326223115,0.0029248053591988017,0.00044432543103441256,0.0,0.0,0.0,0.00011645026520273661,3,3
55,1.1002495858416244,1.2965414643210114,1.1893868580796223,10.356621560250403,0.00019841997514919699,0.00026238964925446207,0.000804717777502331,10.672496435187618,1.1854134945903074,0.7448641796508857,0.0,1.2845621981908304e-05,0.000274988160346909,0.0001928594540259346,2.554409528275209,0.0,0.0,1.1514029537601789,0.0003199358721275378,0.0,5,5
56,1628.76995023348,24.958308732248152,14.794151310566225,554.9986748212009,19.78110791357702,10.42704278098495,8.306917507258193,163.76362381957006,14.894802907756555,24.576575475874524,4.8880783362215805,10.295562401514262,3.3041309916257555,7.223954064042479,32.78883289540761,1.1215288605262663,1.1196033474306017,0.5948505594537143,0.5172797567107532,0.5031607733548342,4,2
57,1.4498393367651863,1.3520583562157684,1.024774809759565,8.630043685065788,0.0018465286060254517,0.0,0.0,6.880840202576287,1.0237401152611847,1.0431274396545773,0.0,0.001676302209798327,0.0,0.0007531152031242732,2.879874079684866,0.0,0.0,0.9940290873983888,0.0,0.0,5,5
58,14.00144990421248,4.188112562031686,2.960695338354191,48.525571404426714,0.0,0.0007557755167969606,0.001384034665808533,10.473331045684844,2.962271876038603,2.2144622788476123,0.0,0.0,0.0,0.0,6.8063413413182055,0.0,0.0,1.0560810948599424,0.0,4.718435906796417e-05,5,5
59,0.0,3.2359274722614543e-05,0.0,0.0,0.0010757860557238095,0.00033357521188157697,0.0,0.0,0.0,0.000725481755733198,0.0006868509103961719,9.572912851948552e-05,0.0011975146116513951,0.0,0.0017414535087867742,0.0,0.0001419580731558652,0.0,2.040445865783493e-05,0.00017647203108036476,3,3
60,23.14951525349559,2.050131376494045,1.6428318371258883,11.046279243079388,0.0,0.00047591017185409054,0.0005174582698290806,16.085537503453857,1.6498435982076085,3.0189907563360476,0.00031238238220467204,0.0003852595987027539,0.0,0.0,2.6708192906034633,0.0001710108554901787,0.00023840784865536129,0.6549879906641742,0.0,0.00022552343106930472,5,5
61,274.1168341375318,21.58898792418978,14.91859054995021,181.2178578887321,11.89229211720051,3.2490438043893226,7.569814251440997,168.95017657556102,15.097603965672427,25.181573177391698,2.2089277832169074,7.515781292781533,4.869868414365925,24.17790245761526,10.97065533472432,0.46454093439615846,0.7414081232948491,0.5833632441693486,0.3754867910349543,0.08031013341810823,4,2
62,25.32973335000517,1.1254082760106083,0.9852549074980443,95.70265251858207,0.0011391665536298213,0.0006066538704591032,0.0,9.09442755369078,0.9831822913830157,0.14602499399660504,0.0,0.0,0.0004890124999078465,0.0,24.398371669406142,0.0,0.0,1.4998217049965343,0.0,0.0,5,5
63,7.8571649305495725,1.3329924176924894,1.0866440014884042,9.721962565488628,0.0001407779219843109,0.0,0.0,18.53930946806131,1.0909881628493538,1.231781439975792,0.0,0.0014717086563988228,0.00033499189295264936,0.0,1.5564607154909837,0.0,0.0,0.9554182585445152,0.0,1.5934756975027324e-06,5,5
64,350.77668059403095,40.38093557714799,17.167484565258285,1723.858776346931,7.9407134645815365,2.6438522382430287,5.0045069870716175,150.60472163663206,17.20169678281179,21.084811650532217,2.0173827044290906,4.012629207234949,2.498780604435437,5.616883507109091,89.7627779805233,0.451168674970824,0.7892218841847911,0.815628160692073,0.5173077235654366,0.512667557371353,4,2
65,0.0,0.0,0.001155443642012903,0.0018264460145063217,0.0004735263758516455,0.00018595501761051322,0.0,0.0036438875181956944,4.099425076410616e-05,0.0005475361736438979,0.0,0.0,0.0,0.0,0.0,0.00013862822046399126,0.0002853346817688589,0.0,0.0002750648565816858,0.00022094875158279556,3,3
66,329.81315736539995,34.12749629987171,15.39623087032912,623.8197956318716,8.838083041371616,0.005279336199758262,8.809259059908333,128.33545380383427,15.347834420284244,13.571459994297374,0.0041464342767572535,0.004285949993111061,8.660671468177725,14.072692596409231,37.770834149805225,0.001294163188236494,0.6255917388823904,1.0548760584602386,0.003942224680806152,0.556619353317575,1,4
67,819.7069807101565,47.849026740851365,18.969235168961866,1103.185861679531,13.549260097695349,1.816108459074147,12.825660582021415,194.63894109255136,18.788349490074896,23.585958912029877,2.2469643282654608,3.5330662255017655,11.447964485865842,25.680152357198793,78.3072953333449,0.17605514702708155,0.8086628947930847,0.8118796874363479,0.7867550923724222,0.3897499128489885,4,2
68,39.8700277093337,5.767520315440015,4.2757043507252215,71.21424194330942,0.0,0.0012075546062896426,0.0003096769776227743,41.2152418227985,4.274024035357961,7.202723804377268,0.0,0.0,0.00048568427981915803,0.0,9.298823303409952,0.0,0.0,0.6106100506954453,0.0001392364649864667,0.0,5,5
69,25.751369399109464,8.249073869395174,5.248535082191012,44.44964303293428,0.0,0.0,0.0008530659503983202,117.54742007739506,5.236134485769632,11.344131597301661,0.0,0.0004835487789245849,0.0,0.001113739237393183,8.83963394747476,0.00020226234697329966,0.0,0.4780965780512312,0.0,0.00013897861864721464,5,5
70,1430.553717243162,22.918627621477928,11.34680206429512,861.9205512110987,6.527307586776098,1.7798446636014882,4.765112576705047,85.12808154097327,11.758794290704557,12.17535959539206,1.3349274823228687,1.8227824178653615,3.1582817674835573,3.7300061395471005,85.39979457112305,0.3011554991150613,0.6008574480249391,0.9605852579751368,0.8631606544160306,0.9065986521377847,4,2
71,1866.4892607732213,53.81650108235692,18.056132905421148,3040.09444824804,13.945236137382258,2.5543633882307986,10.634585200369754,188.01086404160597,18.221472434543397,25.27455902262168,2.4086021388061,4.182143279006419,6.767347940219299,20.08080801710314,177.0351896062311,0.35530777747069897,1.041741273852102,0.7300770453314507,0.6650898301180819,0.2829954373414299,4,2
72,1030.6186070177655,26.11375890643244,10.763529048101894,815.72723728678,26.484065189250344,7.934891744170299,16.924251597609043,95.11746847435583,10.758505441172957,15.18418867210735,5.149530647973615,13.615075456587745,3.9572190658296575,5.632655665066373,70.04327767452091,0.8982255038323255,1.9380615936532322,0.7078781730487085,0.39115793621049794,0.7570260281668322,4,2
73,0.0003805365348946144,0.00031671313086410264,0.0,0.00039792486485594545,0.002103540608920286,0.0006646707599123547,0.0,0.0012713832326087103,0.0,0.0014555097349076643,0.0002324746084397214,0.0010568796363477316,6.877013615360759e-05,0.0006575483626189301,0.001280947704540959,0.0,0.00011009047299007427,0.0,0.00020875395033191952,0.0004267268825782258,3,3
74,91.14803265452976,4.465930271404206,4.3179344529743915,65.14449513968103,0.0011315053865158322,0.0011768434351148182,0.0005865613685588136,40.24985220840352,4.318119447206682,6.792631938956663,0.0,0.0005365568741248833,0.0,0.0,10.405556327449803,0.0001916741385882651,0.0001445456788627072,0.6140840747090208,0.0,8.715622240826127e-05,5,5
75,79.40889257174395,2.0764335854058777,1.7187076514982405,111.38984389665339,2.535803328852944,0.0,2.548379172482689,82.11625527481775,1.7953779298044221,8.664065753777388,0.0,0.0,0.8196906885466206,0.07509960858791155,29.092113729457058,0.0,0.6554084796601647,0.1905690483962636,0.0,1.4492375418630479,1,4
76,214.4648550685644,19.71097452280024,11.454608320447262,397.9957751160564,12.50356826114459,0.9283351876329058,16.508270975613254,110.67091178308938,11.413401478821685,15.69673335093091,1.2949654599925498,5.492930711802238,4.652859646771245,13.368904712291872,35.612242433242855,0.1426705935370441,1.884880603848535,0.7275695947300347,0.34127812091322546,0.3855014967195418,4,2
77,14.474467924640734,1.6221347153071117,1.1094332133190554,11.363312446638474,0.0,0.0,0.0,5.006447489265594,1.1097264871379444,1.4751063515969403,0.0,0.0,2.655744787998634e-06,0.0007497190904657246,3.33789769469496,0.00013161081159752011,0.0,0.8551856120014754,0.00012592369191506564,0.00020988985774469327,5,5
78,19.72063055819846,0.9066750251970823,1.4282513764138973,85.48213407838846,0.0,0.0,0.002101612770641825,30.66068392604468,1.4260346550134786,5.681112864621518,0.00022222408344785952,8.716169062776301e-05,0.0,9.923575414898121e-05,23.01313590861073,0.0,0.0004365882786162952,0.3533106824721762,0.0,0.0003015308783791828,5,5
79,486.11983455317613,13.479066341346085,7.530215842092236,901.1953476445321,17.68691830997262,1.674640950124617,18.309262021428644,80.5408508519756,7.805438084182958,11.576933645839501,0.9798424615435397,1.2273429093855528,6.176435417642603,14.918855058766368,137.6165107002078,0.5235414370205875,1.974735711037607,0.6801369073666799,0.9210414453085702,0.3763602566755508,4,2
80,0.0,0.0,0.00011820568987771467,0.0011673775930521318,0.0,0.0006982027068768039,0.001000501984757316,0.0,0.0,0.0,0.0,0.0,0.0,0.000358636328692364,0.0,0.00023907262163014125,0.0,2.7866817670055322e-05,0.0003723601903746963,6.640497525905413e-05,3,3
81,65.49517226471404,7.5064464850584365,6.6210737438215075,230.5235578426865,3.7985649394535184,0.09789117707075853,3.603453312849009,91.44343178915315,6.632317460151338,23.181329021922522,0.09918302523702925,0.09860378067798153,1.8779147020210378,2.8557814635665655,29.167015418995856,0.02932470366398421,0.6684770762144714,0.23248315875597333,0.09945383363566265,0.6842389150339447,1,4
82,91.71222685750752,2.9828689839310263,2.5457884862143154,71.97317406425853,0.0,0.0,0.0,51.46969807490091,2.5478536390367914,10.431076544223389,0.0,0.0008793431581077363,0.0,0.00010424263240122714,17.710322353880148,0.0,0.00018286244064396763,0.2139676651971913,0.00017348663520632158,0.0,5,5
83,368.19448481965327,9.87043559865947,7.024699837544905,230.09504216607053,1.0634873219820733,0.27937958755361775,0.8670451042037028,108.2836814731828,7.0682409170832745,11.913458056474578,0.2783219320566504,0.27946744201411816,1.106730122499481,2.0284419363359474,22.061658909639167,0.07825605789138167,0.14294048945252857,0.6248529279341755,0.27896214600746866,0.6904668501321962,1,4
84,1882.4063211353491,21.007976467580054,11.063905980972107,726.69261585473,28.247205184956293,10.899730456959652,14.029517484124293,113.47460971442725,11.246009711949487,18.054178025673597,5.235744036493723,11.75836605583977,3.827686472866602,7.438158346655202,55.94598152657612,1.197870831805206,1.7938010338880486,0.617658134983903,0.471994563241041,0.5553584558546596,4,2
85,0.0006663735432426956,0.00047979997231432616,0.0,0.0,0.0,0.0,0.0005878175125748788,0.004598721191675436,0.0,0.0002641987598074686,0.0,0.0005569172245419721,0.0,0.0005326091683496986,0.002587912287186275,0.0,0.00026827838027886666,0.0,0.0,0.0001283586615312156,3,3
86,50.80728740659036,2.1102629224351053,2.1043697562964456,80.71717421990562,0.0,0.0,0.0,33.784429067735374,2.1040322117354924,2.9924553764770487,0.0,0.0002879158644055007,0.00045408244267838426,0.0,18.702321577936715,0.0,0.0,0.7610835471522168,5.994061141288555e-05,0.0002504499508207992,5,5
87,11.27885706472823,0.5377309588717012,0.6309004724607341,39.20756557216522,0.00040609473774887704,0.0010846073134327253,0.0,7.299863837942237,0.6300540412201452,1.1467961169475185,0.0004265460388028375,0.0,0.0,0.000983689945494859,10.268179522313082,0.0,0.00022142460779499067,0.7794317781960098,0.0,0.00045089478045635733,5,5
88,0.0,0.0,0.0,0.0,0.0,0.0,0.0008192378622692598,0.002273166537453852,0.00014296380192018783,0.0024492361518048396,0.000531604102182325,0.0004018702211991936,0.0,0.0008485622508143098,0.0017673510890206237,0.0,0.0,0.00023125548384702886,0.0,4.663176205738159e-06,3,3
89,5.246276389092387,0.9487486143529371,0.8352931405884345,8.771805185401975,0.0,0.0,0.0,8.490732271357992,0.8326278086760184,0.5191349770614513,2.0866967169468567e-05,0.000359566341501635,6.552907303714959e-05,0.0008076405166861989,2.2451126533802994,5.6433082646377053e-05,0.0003221777441281408,1.1013367058370465,0.0,0.00012681805146950927,5,5
90,0.0004527114556487339,0.002183697377842154,0.0,0.005333049433298996,0.0004595534537865791,0.0008353356486502497,0.000661036297171436,0.0,0.0,0.0,0.0003740584759335578,0.0,0.0,0.00014924228167097022,0.000217794380898879,0.0,0.0,0.0,0.0,9.537358234166368e-06,3,3
91,14.055424248654713,2.8729646166207803,2.64601908036883,52.24742179645215,0.0004450779192173437,0.00016920029420759006,0.000526116184297555,14.082372707918012,2.636238989647976,3.935110071280411,0.0,0.0,0.0009003579985578227,0.0,6.949114512401476,0.00048729942408537853,0.0,0.6770147932429849,0.0,0.0,5,5
92,25.412544809224922,4.840856788060093,3.6573001820526194,103.37528295280693,0.00016988907018158434,0.0,0.0010709677956152982,77.06296043372113,3.6527499391544334,6.548761328076754,0.0002804168471587815,0.0,0.0,0.0,17.450539176865487,7.17368889314503e-05,0.0,0.6631721333850982,0.0,0.0,5,5
93,112.82631433699808,3.5887767944819844,3.2993281567785786,183.29593170984094,0.0014850151433085362,0.0008813371163879055,0.0006180858025136386,200.74056298721078,3.2922300091568397,8.306118152639085,0.0,0.0,0.001585280997884913,0.00031702011352792425,29.96063973101916,0.0,0.000171512611376405,0.43827106309940284,0.0,0.00025725294426842595,5,5
94,0.0,0.0,0.0012834026948593989,0.0006175101226167872,0.000762838772372411,0.0,0.0,0.0,0.00014265713346198677,0.0,0.0007322378811243429,0.000909861037202504,0.0,0.0,0.0,0.0,0.0,0.0,0.0,9.174984879058691e-05,3,3
95,2248.7898850576216,18.194041890928922,7.104793364302363,1711.1812402293788,3.0974274516617424,2.2665433278814704,0.7439481833458039,107.68074806232954,7.794355795944323,13.377501520436548,1.512265149908758,1.4345567644022617,0.7459211555563829,0.7430374386987677,127.61073938513957,0.44681565323087186,0.18492683848198335,0.6220209725396206,0.930042752017739,0.7450963598224489,2,1
96,0.0,0.0,6.279325658606822e-05,0.0,0.002601355578756687,0.0,0.00018451301661122295,0.0,0.001162241397072268,0.0,0.0,0.00020224777849996658,0.0003081030130665257,0.00036765614060597825,0.001488826015118712,0.00017675564053763092,0.0,0.00020952251268894302,0.00015443371958331475,0.0,3,3
97,290.39623345888515,13.663348235449982,4.843844719964621,247.08816100831223,4.266573447668044,3.1000538294427074,0.0,62.38681981378251,7.023997399659482,8.681078769997574,2.3788315833694047,4.333249895015291,0.0,0.0,23.4512076565802,0.5286175965586604,0.0,0.8165602879460245,0.6908032360881828,0.0,2,1
98,17.32774970562976,4.881232504404617,3.9740623672937083,63.49794717509283,0.0003672872137220943,0.0003872248512659566,0.0,30.432086383346565,3.9724687922303907,4.499395363058408,0.0,0.0013777176680450076,0.0,0.0,11.544391380582185,2.9683129736688088e-05,0.0004072158304216297,0.8896382565298797,0.00028630155164384007,0.0,5,5
99,920.5924235197663,34.10437577834034,20.61564442253892,2120.868097252631,2.3233502933778505,2.9562098515977127,0.0,195.21221182370545,17.563688609973674,27.194351525338455,2.3175125460398394,5.7043853212593705,0.0,0.0,117.51794684133674,0.4551872372107272,0.0,0.6691594159360235,0.5189523100927649,0.0,2,1
100,53.46179326036055,7.22801478384665,4.037788184874361,199.39325055079658,1.6213601408477598,0.0,1.6257627593002555,71.0065524600146,3.9953688686755404,6.365947049941173,0.0,0.0,1.403814632002348,2.073842662988064,23.655028700221113,0.0,0.3609413136784604,0.7044485128333275,0.0,0.7121336202128137,1,4
101,11.588559334832976,2.283410808117395,1.923759151691037,29.653430348160924,0.0005236826783175385,0.0,0.000500178271930519,21.229257626366948,1.924763805902586,3.7211318658749706,0.00039711950771802884,0.0,2.5223245457778136e-05,0.0002512835816658607,7.596633462986988,0.0,0.0,0.6593374973438075,0.0,0.0001818905629685974,5,5
102,916.5150410090978,13.842026723692491,7.261990017728657,1085.676494136158,7.797492764433102,4.505363525487431,2.9157877874802414,65.27282809675448,7.47980953982319,10.013609142603348,1.9769383024974623,1.8221334969607006,1.862162488945624,2.492451611699,133.9023559269942,0.7777773105958445,0.4921324716129751,0.7510738919235438,0.982443195321314,0.8466753106916047,4,2
103,105.27963769624844,4.348895906949421,3.215774023994779,225.80134255086023,0.0,0.0,0.0,90.53235537964348,3.2146678666424897,4.822624604347339,0.00020195857298314378,0.0,0.000631093608842628,0.0,36.10573736659503,0.0,0.0,0.780315035860766,0.0,8.355341201739492e-05,5,5
104,217.60442017572905,10.088969816141631,6.1614203724097845,454.21736676571953,0.9787047138916962,1.911773246597944,0.0,183.3257302031976,5.318654507333553,17.96655283759236,1.2865520023175576,2.0388121474243874,0.0,0.0,78.98275182669613,0.41365844944302016,0.0,0.25675858719003425,0.8128964891224648,0.0,2,1
105,0.0015141607890636242,0.0,0.0015017613416497928,0.0047432209554150884,0.0,0.0,0.0,0.0026265832982926493,0.0017146150540492246,0.0008572758110055506,0.0,0.0,0.0,0.0,0.002576654753015872,0.0,0.0002689359939804242,0.0,0.0,0.00038174240047182667,3,3
106,37.43880900090297,4.359963800530353,3.0135430375116643,154.7182399613489,0.00013616350810155165,0.0,0.0,32.52623197526165,3.0157746298958523,5.218389481290742,0.0008759520946783241,0.0,0.0008173061242531963,0.0,32.69950755582738,0.00031384632254294104,4.0270879314750894e-05,0.6730060815657688,0.0,0.0,5,5
107,13.46925059193263,2.0931470412896265,1.7595476035054927,74.35646798762755,0.0,0.0006389678939246579,4.223034030146963e-05,25.239998799996666,1.7601519645601473,4.578996749473396,0.0009688265031240823,0.0,0.0,0.0,22.12199585131433,0.0006369075358343153,0.0,0.5264043437527319,0.0,0.0,5,5
108,0.00028506790788427363,0.0008277248476774081,0.0004908363830795898,0.0016365138981344145,0.0,0.00014600266290356364,0.0,0.0011726566276524467,0.0,0.0005333973777262196,0.0,0.0002187556444866651,0.0011470132634020733,0.0,0.0,0.0,0.0,0.0,0.00032736473242011974,0.0,3,3
109,3.9169089365644583,1.69441221314657,1.2555326884629179,6.313052272272686,0.00021279911572310355,0.0,0.00046166877906280525,16.036311596486872,1.2591621316201609,2.3716756085563113,0.0,0.0,0.0,0.0008649125919979727,2.0856547418955684,0.0002663011889067336,0.0,0.7224421904830116,0.0,0.0,5,5
110,75.78899199513067,4.862106419760771,4.206686812227023,90.81212093891787,0.4261248268192443,0.890639324919754,0.4203737142500479,96.05058339339679,2.949834380497687,12.971718269492362,1.1780885583171576,1.5329213427062616,0.4187972011861837,0.41875540033038106,13.488099965307185,0.1337120249099368,0.11294984530779578,0.16799162444903734,0.8971316577493658,0.4184704011512662,2,1
111,3.778570254265949,0.7509729585117499,0.6243734491714454,67.00422293256598,0.00010807086258733933,0.0007528092084843262,0.00039531654893704306,8.178026613849223,0.6207249854156107,0.7895075052810869,0.0,0.0,0.0,0.0021162441995120984,18.00715915431833,5.617048856044754e-05,0.0,0.8522218094189951,1.9291902457920824e-05,0.0,5,5
112,0.0,0.0,0.0,0.0002669543241485777,0.0008943268414033938,0.0,0.0,0.002115752646319668,0.0003395655917714682,0.0,0.0002965372213527156,0.0,0.0,0.00011803924937517947,0.0,0.0,0.0,2.699762954290112e-05,0.0,0.0,3,3
113,0.00215099481108396,0.0,0.0,0.0,0.0,0.0,0.0007524322441437214,0.0023005223721411943,0.0009375689662850978,0.002541646301974101,0.0,0.0,0.0,0.0,0.004007409262544702,0.00024642499455892537,5.336434904773226e-05,0.0003531559720951918,0.0,0.0,3,3
114,0.0,0.0,0.0,0.0,0.0,0.00018235845206205042,0.0005360302427889353,0.0027456736323417962,0.00026726566635350757,0.0,0.0004217372283128546,0.0,0.0013541483704353706,0.0,0.00013618271900227722,0.0,0.0,0.0005715498092323293,0.0001343864754764419,0.0,3,3
115,0.0007754500102674896,0.001525012498553676,0.0004825776199758247,0.0016621033067261153,0.0,0.0,0.0008676757442103505,0.0,0.0,0.0005832546018928701,0.0,0.0,0.0011253237311904822,0.0003804577454857368,0.0,0.0,0.0,0.00018087518428998382,0.0002651549053914978,0.0,3,3
116,0.002822251069092802,0.0,0.00027227021482385295,0.0,0.00019100469252687847,0.00041440484765637467,0.0,0.0,0.0,0.0,0.0,0.0,0.0,0.0,0.0007177472260970901,4.3018943585642e-05,0.0,0.0,0.00020435593460181386,0.0,3,3
117,18.66837487634117,7.82028568206084,5.041072882683295,215.11445251532047,0.00042394167437803345,0.0008310469917112401,0.0008145918562233033,11.999926076535704,5.027482464091375,1.8066533236963456,0.0,0.0,0.0,0.00023100740055538588,37.35016974214098,0.0,0.0,1.5271201334473465,0.0004556037127771532,0.00015613432748416174,5,5
118,42.6328020694037,4.4275203866950825,4.318792209314725,139.20382890454204,0.0005681656632121052,0.00027363444547507315,0.0,46.729759153018485,4.315484082653065,13.521311089892983,0.0,0.0,0.0,0.0,18.958886588423628,0.0002462664029765412,0.0,0.3774804165839967,0.0,0.00023507502094390225,5,5
119,6.410742441718369,1.7060667535307497,1.3600618513311322,62.57394315629358,0.0,0.00040768494829628417,0.00121067769667085,10.544129594618056,1.3619417174430355,1.9153457588209224,0.0002065611680833714,0.00015111698542104185,8.386898488271866e-05,0.0,12.497549068088675,0.00012278678911601578,0.0,0.7169672722765499,0.0,0.0,5,5
120,0.0,0.0,0.0010840733723575184,0.0,0.0,0.0,0.0,0.0,0.00011531246686352457,0.0,0.0004245014188464243,0.00042981900562410325,0.0,6.695538291961005e-05,0.0003723307671288669,0.0,0.0,0.0004869154395671291,0.0,0.0,3,3
121,90.2040180721131,7.058638523460228,5.105566713156097,216.44675306586902,0.0003389651386838052,0.0009084617562527452,0.0,154.0482500701108,5.103868549460085,14.973213531192176,0.0003844910749156327,5.175530227882219e-05,0.0006566802613291107,0.0008566131218238843,25.96578790240938,0.0,0.000178308663911946,0.2862639583809999,0.00044343629330021117,0.00024409900027084764,5,5
122,43.39860500874215,2.2947246957489114,3.0413363273979517,490.924979563254,0.0,0.0,9.25690635432979e-05,177.8669815548898,3.0459001972205666,14.255991922643478,0.0,0.00135891764681494,0.0,0.00017289706796994161,54.51644287163278,0.0,0.0,0.18548686481724033,0.0,0.0,5,5
123,319.8432713515202,6.180931259033431,5.036487977587551,138.73785621461226,0.00012669501721660894,0.0,8.952267280924162e-05,287.59960490376903,5.045347141201145,9.450996172765297,0.0,2.4451002362311075e-05,0.0,0.0,14.320441271451655,0.0,0.0,0.5430638653217612,0.00024452424167971257,0.0,5,5
124,133.73853995691644,6.822636904236632,5.478466096843304,733.986432604829,0.0010221663146736107,0.0,0.0,15.476817020430683,5.462467260636743,13.062542940836838,0.0,0.0,0.0,0.0007408261395467739,67.82110431012161,0.0,0.0,0.43938490840711664,0.0,0.0,5,5
125,31.562208334158747,5.951305256074749,6.233424299143262,71.81627973516132,1.1571097883900299,2.0208726512888022,0.0,63.13233762760167,5.307854602174522,8.150753332512918,1.706375345583266,1.7344257023290859,0.0,0.0,9.538524410456622,0.36369799811023673,0.0,0.6397277863126571,0.9481380487218793,0.0,2,1
126,144.4164151334457,6.7842322420522745,3.0556398863023198,119.49537784705566,1.7655085576370388,1.8649326956294083,0.0,48.63224410067645,3.6997340164174606,6.5458610049778,1.5699479270400092,2.1328740859509616,0.0,0.0,12.326289405796244,0.36538034327066604,0.0,0.605554075677267,0.8887155908608897,0.0,2,1
127,241.79483411267697,11.767228203691676,8.600507620746422,164.79491975929758,14.291486275948003,2.7323891045535906,11.867470776048581,103.8074891913049,8.681201455404128,14.861621072128134,2.5829203167561383,8.825141624915886,4.815165666856057,11.030207347785257,12.371606435531834,0.33429413938543356,1.3034372555781255,0.5722621541992343,0.3366987996910258,0.46571307226768793,4,2
128,520.806322569187,59.08409365750121,15.283949756944995,1853.7604139634007,17.95742344904795,13.084335410665519,7.437757184731767,115.86229699419434,14.986955457305065,17.693837304041434,5.836056405180456,16.014052874072867,2.9224976303525096,6.143910423248266,125.86674322543584,1.2937884470770902,1.067004112712751,0.8418788206688868,0.328531489601635,0.5521959751507965,4,2
129,0.0,0.0,0.0,0.001137732492983102,0.0007276564302742044,0.0,0.0,0.0015595104668402692,0.00011608860617773525,0.0015156237194662596,0.0,0.0012648122459764267,0.00026388521875021656,0.0007553210056912414,0.0,0.0,0.0,0.0007233541412183178,0.0,0.00047375843029555793,3,3
130,295.1788218368324,29.507549868266743,16.464060610506863,1364.4013301008356,4.073919494638516,2.081081507510971,0.09580520830857607,193.30670250201774,14.98929470437107,27.86099476320136,2.6406643448944442,13.29573733462731,0.0971066794592616,0.09814134858922155,77.89992961083082,0.2587060780341646,0.028862005762227153,0.5559329713697168,0.20184231235799802,0.09740886853814193,2,1
131,356.66440843917246,33.621810316434576,13.915448863676906,700.2730933542721,22.191170617140344,2.6542958613495835,24.809201075392565,138.49156506200788,14.27093024605832,17.244642116976177,2.099381706389933,8.40199080427075,13.614125448643165,53.440434645815664,89.81328466743413,0.4218784926528043,1.5560706080088567,0.8429779550943313,0.35767853107353126,0.11219827684456898,4,2
132,152.32755767909876,5.496108945645704,4.0238235382678855,214.35667799113605,0.0,0.0,0.0017417257198925355,155.8268926080379,4.01935101388024,17.217634446762403,0.0005333097965256241,0.00022932062753519726,0.0,0.0,45.457986868786186,0.00019427536482518527,0.00014997934939516225,0.2136829898943518,2.475601291188685e-05,0.0001453706426584879,5,5
133,0.0,0.0,0.0,0.0032562082414076716,0.0004497042080979394,0.0,0.0,0.0,0.0010091589371735202,0.001835170184104445,0.0,0.0,0.0,0.0012044623661264387,0.0005690599155538143,0.0,0.00025853160293183954,0.0004005012373855453,0.0,0.0002691456522897605,3,3
134,0.0,0.0,0.0014797358819690818,0.0,0.0006039020637220871,0.0,0.0,0.0,0.0,0.0,0.0,0.0,0.0009059763082587249,0.0,0.00013027102903708632,0.0,0.0,0.0,0.0,0.0,3,3
135,1.2092448850093644,0.5817679740469002,0.8285994893760715,4.319077602391597,0.0,0.0,0.00021776436274816396,3.8551528322149657,0.8298871838984723,0.5209720810202849,6.581487933080368e-05,0.0,0.0,0.0,0.6716976860976482,0.00010456085257982231,0.0002802851771566379,1.1483586718203425,0.00029491183117920367,0.00013465991605652716,5,5
136,54.07320569853213,7.027216506442427,4.432338927049311,264.48392365069583,0.0,0.0008810337573783234,0.00096794454968299,134.47137862473042,4.432789301000687,9.479295060364977,0.0,0.0,0.0,0.0,27.338347958127493,0.00011620874732272367,0.0,0.4878543183127547,4.473201181685032e-05,0.0002613161307036083,5,5
137,124.81340360929896,14.14018380390459,8.451217629837569,279.03406468420735,4.842739556906792,0.0,4.839952214204225,79.45205141497333,8.335335130464903,11.536477926419343,0.0,0.0,2.760039867311276,7.090267705170902,32.21248993417282,0.0,0.7139905999572598,0.7251391941037515,0.0,0.4534999728841758,1,4
138,28.18868791141692,4.221012538973738,3.543706635506118,31.12484409641135,0.0,0.0,0.0,65.14742655718325,3.533130300673026,5.212558802997156,0.0,0.0,0.0002081835586832448,0.00020935595078320557,7.073223539708206,0.0,0.0005824508634489896,0.7558984249524761,6.52584908275795e-05,0.0,5,5
139,132.5392609851915,2.7140199184589924,1.7333143833630817,83.5309460729657,2.0499773378285764,0.2709638220580686,1.7676751038539242,73.78398791711264,1.8586911952384852,3.525272926000526,0.2707800936857125,0.27138301323664193,1.1879823866930295,0.8361776983220877,18.59561112869686,0.07581901585649771,0.4031579506155006,0.6522945114204575,0.2707942954839096,1.0971555025459319,1,4
140,0.0,0.0,0.00010787741216678525,0.0,0.0011464249732607726,0.0,0.0,0.0,0.0,0.0,0.0007589138411617637,0.0,0.0007175232383561909,0.0,0.0,9.40608581847697e-05,0.0002871545772641258,3.1837889971014134e-05,0.0,0.0,3,3
141,33.75954242732243,1.2833562599785067,0.6616867653456198,25.305006382205853,0.0,0.0,0.0,16.62830363807153,0.6590251271978214,0.6022845021212511,0.0,0.0,0.0,0.0,9.476655801183064,0.00022334637778225136,0.00029276102716471096,1.0002853201511375,0.00033882629871672965,0.0002741079506655959,5,5
142,89.85736785463263,3.829564852691261,1.2632214754005773,174.93672511693296,1.0795251007863156,0.0,1.218911462237052,52.583624920741585,1.3440435608887382,2.198244240985614,0.0,0.0,0.8734282782411449,0.44316098338369847,36.239807940032705,0.0,0.3406362458673681,0.7790184190497009,0.0,1.2394394144223981,1,4
143,43.0736567155603,7.147787362854876,7.243086204578077,47.12228956239971,0.0,9.426809039075032e-05,4.979618678281549e-05,30.057917568688993,7.2457140423880535,3.8564378604267135,0.0,0.0,0.00024405739136795768,0.0,5.257214334182878,0.0002824503837194358,0.00018681483848999384,1.3252774536510845,0.0,0.0,5,5
144,556.0377888210985,17.738911740335503,9.032271199889117,627.8018142180989,3.7294280171606387,3.1572803732999786,0.3413844065213107,76.87647683809824,12.074472469310297,13.485480617802448,2.4793799094646434,7.988792866504639,0.3412450626813201,0.3399985928900592,30.649927062568707,0.48854064139092385,0.09311604000937955,0.8896201413293845,0.3534404393736692,0.3400874036247843,2,1
145,16.768048454387337,4.386113042956008,8.234175038559862,74.58373701914408,0.5210190072801291,1.0711919651363866,0.27290370143376885,64.96047340598726,6.369351450645517,8.078163422104552,1.8711170702777395,5.070098540178427,0.2720759737757236,0.2732638829291794,5.027748784851402,0.08333158941997584,0.07699350143059781,0.7336095401514986,0.4611419953234171,0.2734946181615886,2,1
146,259.8766901498533,8.151927391987593,4.703047134059528,688.4731374402262,0.000710840680191631,0.0,0.0020685635745676225,42.03406075106119,4.701039882165262,6.465927168654569,0.0,0.0,0.0,0.001649460343671908,118.25183204818741,0.0,8.607864354072959e-05,0.8133836990100178,8.099977958822372e-05,7.590526831034134e-05,5,5
147,4.772327545662836,2.601908248456781,2.316973211272922,6.61116559394296,0.0007459512519104042,0.0,0.0005535943036928725,15.531880944144653,2.3173168130376673,1.7581551428302715,0.0,0.0012125200964564335,0.0,2.597864542539463e-05,1.4849827954274688,0.0,0.0,1.0386762799267952,5.466059991246862e-05,0.0,5,5
148,436.36697218216955,64.69911466630337,19.30848804860091,2015.9433741005091,5.93172612224187,2.3859062405628766,3.2869047473266075,157.62359643826392,19.262951770436114,20.34257529605969,2.52993417771104,7.136627692517655,3.944076182300276,10.056751844092046,98.77462554318765,0.22460491476248926,0.2560116625612671,0.9495806942519771,0.39059329419291045,0.42325451981742174,4,2
149,140.09220912004352,14.379626393397507,8.25380261180981,302.1370002479826,7.048544232140742,0.08190245134289241,6.78670819601022,106.25883221732794,7.99860947989788,11.63462124361994,0.0826640722470603,0.08225922828470504,5.308621285761393,11.694822867375274,26.30509876410646,0.02439479203071976,0.6868123686789747,0.7014395280968586,0.08276800101998925,0.5536772635639886,1,4
150,0.003448009094863999,0.0,3.682032069711138e-05,0.0,0.0,0.0,0.0007181106811644273,0.0011276573903483656,0.00014927817293438814,0.0,0.00015509046563084303,0.0,0.0,0.0,0.0,0.0,5.5844008482332135e-06,0.0,0.00019290680788115828,0.0,3,3
151,593.9900068631541,59.31177456988523,32.68586165241979,1292.867379859356,10.059034493032328,0.0,10.402557254604517,139.73705404126997,32.87817413360312,55.6826001103852,0.0,0.0,4.469783579976386,12.159429506926296,54.875522494996304,0.0,1.1150230536269143,0.5807769095943052,0.0,0.3311013929722651,1,4
152,0.00018883025201512496,0.0,0.0,0.002990134162350701,0.000347710775566378,0.0012916767192660131,0.0008155945671201246,0.0011664692101834464,0.0,0.0005145454543617636,0.00022989550052131255,0.0,0.0,6.830417895493387e-05,0.0,0.0002890314442043102,0.0,0.0,0.0001313693078837653,0.0,3,3
153,74.70068386611898,3.2136540822155064,2.334449015045254,146.4956227154245,0.0,0.0,0.0,26.07299515419234,2.3357615643990206,4.90318626277177,0.0012272738590811511,0.0004423790494174254,0.0,0.0,19.226211481349353,0.0,0.0006378393822006724,0.5135977829940324,0.0,0.00029691639840927355,5,5
154,0.003910593971366656,0.0011028229685620596,0.000728833280753849,0.0,0.0011237956289598828,0.0004928117681562758,0.0008648213114273892,0.0,0.0012522489958855367,0.000757660142014577,0.0,0.0,0.0009076235866919797,0.0007735103075683134,0.0,6.111702593081336e-05,0.0,0.0,0.0,0.0,3,3
155,11.142511441891852,1.7263396364073116,1.7363215296970318,30.273522776166363,5.006191784462053e-05,0.0,0.0,20.215854389567472,1.7363761401179505,1.8995139632231024,0.0,0.0,0.0006051762880512428,0.0,5.820234727498403,0.0,0.0,1.0278906743851128,0.0,0.0003244882147409866,5,5
156,44.0491440522745,4.146687061748583,2.5816198686874907,72.07527618650548,0.0,0.00013896992870981637,0.0,13.93824563074355,2.5813216175552696,5.186325165100292,0.0,0.00018338915647021588,0.00029635258911193935,4.078624747519591e-05,14.752749419961846,0.0,1.9842279098759045e-05,0.6229966656341608,0.0,0.0,5,5
157,1318.127952969878,57.807421825352975,14.584386508693955,1934.4265707625962,20.761257091161717,5.333417875108378,13.608549284279396,109.86709258004352,14.080548894664766,15.444636992859643,7.0883650298240966,23.52935398674707,7.1044485265343145,10.636321526905572,102.817934353774,0.35794602250144186,1.2312363483247464,0.9221765844459013,0.2630847600755427,0.6914103734273609,4,2
158,0.0,0.0,0.0008182167472312962,0.0,0.0,0.00042804992429972086,0.0003184953226990111,0.0,0.0018439771373775062,0.0,0.0,0.0,0.0008683796075067971,0.0,0.0,0.0,1.9350185664670683e-06,0.00012401008147988038,0.0002058063785815207,0.0,3,3
159,34.784194670625304,3.641073331626295,4.37228821958611,208.71164124757487,0.0,0.0,0.0,139.65598164838948,4.366680641713438,12.706024705533729,0.0,0.0003063359547396143,0.00021303234340908685,0.00022447760953213744,19.240024439084277,0.0,0.00023281524976393004,0.3382272832335647,0.0,0.0,5,5
160,21.828772543881115,4.0485021975196815,2.538116494085767,66.55802585819778,0.00030743872822328153,0.0005416651662316124,0.0,14.630332598495867,2.535011544646007,1.9881642071704135,0.00024966593058788875,0.0008753379827988636,0.0,0.0,13.641132682117497,0.0,0.0,1.0797475927662847,0.0,0.0004583097810099838,5,5
161,201.2717895746437,11.300196205829732,4.895276122118705,302.0320001024835,1.7938694311971317,1.9872999645411271,0.0,92.3435571095429,5.6827355562735935,11.439908967440573,1.317156242914832,2.4709764963578866,0.0,0.0,39.16160131207415,0.4542797412409861,0.0,0.5232496282660579,0.7576983389310836,0.0,2,1
162,55.11954427104724,4.002808317486905,2.3351110581926235,184.75425270944723,0.0005243194818498706,0.001115753699218151,0.00013467950740836515,32.886815269648196,2.341941790832594,2.471610920070352,9.91616868314487e-05,0.0,0.0010106058826378475,0.0,32.08952667128415,0.0003486575155382106,0.0,0.9336928502892392,0.0001802813597370467,0.0003071354844067659,5,5
163,0.003147026947453468,0.0,0.0,0.0,0.0007247934149233108,0.0,0.0,0.001986414761333502,0.0,0.0,0.00014618180744733228,0.00012373673817675548,0.0,0.0005282755748023244,0.001032202251233849,0.00012250740900028977,0.0,0.0003665972170586892,0.0003280596230751671,0.0003550362538890698,3,3
164,88.99484386265844,10.371520663958561,9.310495348695014,249.3880204213839,0.5263747010630841,0.8440938038044377,0.0,121.8659888699237,6.285277553621151,16.330968891414408,1.1465581539934497,1.9088695268426843,0.0,0.0,22.30843567555323,0.12810997794281473,0.0,0.3646004882918956,0.8420106740301865,0.0,2,1
165,180.68008358166614,19.57055912345692,23.551544630363452,403.29231252118706,1.5877659778467326,0.6646500181187243,0.6626744031402603,162.1486384971635,16.61867035709384,24.23563982285784,1.5189714451112848,4.692481188014809,0.6619825238662271,0.661302523903138,21.87761247158527,0.03992181901696418,0.16806588202332576,0.6497846854751583,0.4657094485826012,0.6620125700205279,2,1
166,12.12827274043039,3.529463984348131,2.063829357894587,227.7007487471317,0.0,0.0,0.0,35.64857689201927,2.0675710677808206,3.40973118757442,0.0,0.0,0.00028678565939428994,0.0008881964373951426,29.669442680068403,0.0,0.0,0.6821409277993724,0.0,0.0,5,5
167,189.64117142744604,14.216021061708412,10.917605796917973,215.34327096920245,4.1306996851365545,0.014755373914112852,4.10371988907113,70.84500510490143,10.983044907198426,15.521494101333552,0.014358655562610288,0.01375141263746011,2.891880259677752,9.802862085182491,18.17047516907347,0.004226330654112012,0.5778414437888018,0.7548666300754929,0.014281973192325353,0.214170121170563,1,4
168,45.77001464071642,0.8583358923109634,1.2971214838055363,210.82057369176363,0.0,0.0,0.0,26.43435713460063,1.301419643660458,2.738771141310753,0.0,0.0,0.0,0.0,38.13323253510653,0.00045999664114894796,0.0,0.6063357419141178,0.0,0.0,5,5
169,0.005257865519313631,0.0008372528434557583,0.0003140270892869428,0.0,0.0011384521319595536,0.001122153956503861,0.00058003541473976,0.003003961717030495,0.0005470900954025452,0.0,0.000651703357125415,0.0,0.0,0.0,0.0008310183816239291,0.0,0.0,6.687271675311559e-05,0.0005666679328785525,0.00031557213078963,3,3
170,0.0,0.0,0.0017396994597024362,0.0,0.0,0.0006817257187811534,0.0004399418662957262,0.0,0.0,0.0010543979728176768,0.00024379735977128725,0.0,0.00029570636749920584,0.0004844212686319189,0.0,0.00040550508651160323,0.0,0.0004822120354162956,0.0,0.0003417054203885266,3,3
171,49.883960459996395,14.358120844145283,14.82067805390397,343.8693392327215,2.3510651945225884,2.101084886445151,0.20879105259611852,145.09752655344926,11.154017852380411,17.038500832796974,1.8923607167265875,1.6214031112646525,0.20778325186067126,0.2075696064344834,37.64374535321241,0.3454971599486518,0.05967578503621745,0.6347043534852403,1.0073614263107253,0.2083982428481113,2,1
172,62.508244957574696,1.2147089216563294,0.9933289675901942,140.0740772826857,0.0,0.0003898867681222941,0.0,5.712012926833744,0.9922684574240397,2.9175748242536397,0.0,0.0,0.0,0.0006924955454962454,26.28632883882356,0.0,0.0,0.5415481148098154,0.0003798668675266025,0.0,5,5
173,413.66462455932617,57.28678014854797,16.71005762141459,1314.7537694626087,19.35886759156559,9.52332989917699,9.869516921049998,152.63667553182736,16.11848780861784,20.02709585503862,4.946614296856749,9.928573626070493,4.679200031783652,8.514050348971178,74.05645852688673,1.1179331357897389,1.2437552257780098,0.809347621003796,0.5255811590084221,0.5454804400487026,4,2
174,0.0,0.0014108328059809364,0.001252819138686747,0.0,0.0,5.0171735521634726e-05,0.0005949150910290828,0.000571245384721068,0.001185904318962165,0.0,0.0,0.0,0.0,0.0,0.0,0.0,2.453161598853292e-05,9.65308995602721e-06,0.00019144064712161839,0.0,3,3
175,10.947668720685671,3.1761694783016328,3.0115765290568026,6.676135425747245,0.0005667332422739157,0.0,0.0,58.718381879147614,3.014269904121554,4.655958960591135,0.0,0.00010096154628996441,0.0,4.050063058029439e-05,0.9181530438058267,0.0002678264996969397,0.0,0.7600935398713602,8.657972322502923e-05,0.0,5,5
176,843.4072773425179,22.87734271449398,12.642815903699315,462.3806344564581,7.245601401059995,1.9521281695290122,4.717669628970794,127.14697724566895,12.739874765231596,16.892022181943133,2.3366227173013083,5.50382014395858,5.118987785085089,8.601636209942926,35.21651449449869,0.128535657732272,0.29164607743072396,0.7653549906440347,0.5766708460612746,0.6430184279577111,4,2
177,37.39974189969099,1.9651426005005592,1.3491434866988863,35.248379926945766,0.001029946602693098,0.0,0.0005717173102824264,1.3183094380027023,1.3488603425096577,0.6920851453632457,0.000198166222149072,0.0004738334489316112,0.0,0.0,9.817108510101784,1.7168080739385994e-05,7.350422536552754e-05,1.2707342728042836,0.0002557964966709261,0.0,5,5
178,10.874890034763874,0.6304665611260496,0.6440724252924994,8.935319275293883,0.0,0.0,3.9184934486829935e-05,25.207593285853722,0.6463074022310635,1.507694604356479,0.0,0.0,1.6403020804672033e-07,0.0005411369754914929,2.1824092853123465,0.0,0.00026792488110025933,0.721543680414517,0.0,0.0,5,5
179,6.391009722007625,0.2162564375792801,0.5542128838497591,1.22380088232967,0.0,0.0,0.0004932683251927882,2.292931580642645,0.557160074240793,0.576133209735231,0.0,0.0,0.0,0.0001827156093423064,0.30158032176142274,0.0,8.312546754896534e-05,0.9795126570555883,0.0,0.00028519472218436586,5,5
180,9.271620132162605,0.5741619404039278,1.1144981976044237,36.77823487040747,0.000980678964449978,4.834119126242219e-05,0.0010735110237662317,8.182500988078942,1.1138812546156567,0.8471632731546292,0.0,0.001160873929811248,0.000359791046536951,0.0006059570840295971,6.5585815836320585,0.00030168298796142426,0.0,1.0501868528434422,0.0,0.0,5,5
181,50.935655850685926,3.7316767549353305,2.77565723097662,106.19803900649637,0.00014280397532946752,0.0,0.0009260913357134958,12.758088204022183,2.7878083092009183,2.382177672862295,0.0,0.00039940425207603665,2.4802881382655137e-05,0.0,20.155447732319466,0.0,0.0,1.0845729855529371,4.862544817250666e-05,0.0,5,5
182,0.0008133427127759986,0.0,0.0,0.005989335240361934,0.0,0.0003410555149641113,0.0,0.0008859310216923175,0.0,0.0012546223876949223,8.491244380567648e-05,0.00010020065564690455,4.723652814265052e-05,0.001103280377006276,0.0,7.366468958369702e-06,0.0,0.0,0.0,0.0,3,3
183,20.57357768380252,0.7038011804220679,0.8664626152555581,19.797919023698977,0.0010661166290599675,0.0,0.0,5.632005920759498,0.8658283072305448,1.335033538983153,0.0,0.0008130546484997407,0.0,0.0,5.00500188494034,0.0,0.0,0.8772787740484655,7.2631724236548875e-06,0.00010357082987119517,5,5
184,0.0,0.0,0.0,0.0004893739426654977,0.0006588464815074372,0.0011151381581621064,0.0005939232901304419,0.0008320617685505276,0.0,0.0,0.0004367779261165373,0.0,0.0005673976442557087,0.0014229351453255029,0.0,0.00016198588271610124,0.00012533064670283386,0.0,0.0002907174006861016,0.0,3,3
185,583.1000810419107,19.232315669284414,9.652973523902784,540.5764482588846,2.8235236538442625,0.22819025552686695,2.517080529104012,109.05435499650025,9.322067537892766,17.803577732005316,0.2275114081132895,0.22888943299659376,2.002601313555956,2.992296364173601,33.71063108717856,0.06452167217467344,0.44956403458772204,0.5322120167662356,0.22837114915950155,0.8971445470619828,1,4
186,0.415255762181842,1.542728905575868,1.1136316503176404,14.485761141338903,0.0,0.0,0.0008787563744481507,16.184036063996242,1.1125175398762912,1.9716458257459983,0.0,0.00020108485692326583,0.001272601819362043,0.0,2.9899878584781487,0.00015076301865657758,0.00017542275107263085,0.7555797627450711,0.0,0.0002158410790355724,5,5
187,0.005012901685539734,0.0,0.0007478374567759981,0.0,0.0,0.0,0.0,0.0,0.0,0.00023754756739576913,0.0007435144666687049,0.00018256203378803036,0.0,0.0,0.0016955784958204664,0.0002649492802054932,4.2747351245917655e-05,0.0,0.0,0.0002615426690581582,3,3
188,0.0016633944780954796,0.0,0.0015785641411865006,0.0,0.001334658907247382,0.0,4.5005214015520346e-05,0.0,0.00011105551109200989,0.0008203935174053889,0.0,7.751002571895383e-05,0.0007539898248773617,0.0,0.0,0.0,0.0,6.263565833025886e-05,0.00048287788478510363,0.0,3,3
189,16.959379039984558,2.3294433295708346,3.0309885774209313,18.70215345597196,0.0002888287116503744,0.00021538117992666417,2.293711910428508e-05,47.426527398131284,3.0191302342393485,2.9235506475003867,0.0003812937963811098,0.0,0.0,0.0001611378267981332,2.927859554342265,4.673550308942104e-05,0.0,0.9619421193739615,0.0,8.866887701405453e-05,5,5
190,0.0,0.0,0.0008752216095955122,0.0,0.0015073300593802554,0.0,0.0,0.0,0.0,0.0,0.0,0.0,0.0,0.00024012754617186576,0.000989190226899002,5.373658183616283e-05,0.00019668764672746688,0.00015748604955053984,0.00010584886095973499,8.042726092075674e-05,3,3
191,655.8199525868368,10.364890451405335,6.614359267402484,210.8314804750498,27.86894712359899,4.161611854562446,27.057470416549595,55.265441241177406,6.842055308556358,8.981728325425854,1.915109927773548,4.787494278914514,6.708902507078814,15.31200901293025,45.92093085083941,0.8642975436645173,2.405472688663117,0.768882859430368,0.6252618505758736,0.43870683678736866,4,2
192,13.720054946035033,1.4110972870818013,1.3602372829815317,22.28205598717426,0.0014707482998263346,0.0014155399349881528,0.0005215618441019832,30.410064637368365,1.3610529949947043,2.236919265662521,0.0005429449081970471,0.0,0.001294275512810119,0.000705377375583144,4.938269441741944,0.00023619019993971997,0.0,0.6864621480517898,0.00041740142826154176,0.00011905705337188744,5,5
193,15.744104975756024,1.0018972138274234,0.8455181027405247,9.57031611479926,0.00030470319311763465,0.0,0.0004172793474686571,11.572736630192907,0.8481742933616123,0.7833193385410353,0.0,0.0,0.0,0.0,2.245666222082542,7.384351878790373e-05,0.0001538416914206488,0.9773573763943162,0.00022388336763664674,0.00011905113423626484,5,5
194,12.292573508124198,1.632586566666975,1.391283312719724,5.341905584777819,0.00037280821854209325,0.0,0.00013415384428642834,14.165076753259326,1.3884956344021808,0.19682109837232672,0.00026530316889956804,0.0007917464140088711,0.0,7.933168667519671e-05,1.5929004227000667,0.0002728315754667223,0.0,1.6046124099279422,0.0,0.00016801830611826152,5,5
195,384.9380073212943,29.88737530009744,9.004531545261907,1606.6863190938434,13.593659480865025,9.389228437569065,5.650774187592953,85.9246446927801,8.925581919396047,11.749551658511967,3.5668756606299663,4.019409927289899,3.280214571251001,3.21793176855729,183.3499718245342,1.2744177821222609,0.7417166474947463,0.7604851326828408,0.8771084801143683,0.9134461920302375,4,2
196,0.0006594233354602244,0.0009613222582064642,0.0,0.0011961222581592245,0.0,0.00032042845652755934,0.0004241733762931541,0.0,0.0,0.0004740864996804127,0.0,0.00018442447024378554,0.0,0.0005062220757876347,0.0,0.0,0.0,8.726850685830625e-05,0.0001992055227461689,8.106694295415858e-05,3,3
197,374.18638878996416,26.151013521812185,12.145985006905754,586.300854794822,4.036675484720594,0.18643538330754736,3.701043489953867,73.23084015675605,12.530953441919015,13.683383005011288,0.18644496185025083,0.1867575151092773,1.9418630622593511,1.8271043591435254,66.25710499468832,0.05328628272062309,0.660273621607764,0.8745911374925246,0.18708521429412087,0.9218230470986166,1,4
198,142.07673368605353,7.5178429722818265,4.1101309440293345,357.9687449155508,1.5115630303475767,0.0,1.6153102798446763,54.37525870557082,4.195202358821412,9.037967868189897,0.0,0.0,0.44174406916643516,0.0,72.39137595409827,0.0,0.5606494567022233,0.4772111438228195,0.0,1.5179376349381735,1,4
199,166.1962453208275,9.120291785693816,4.0677066995755995,311.03153639909516,3.975577310762964,5.471330914882802,0.0,49.10255304862832,6.366847496788887,6.64676011745804,2.985148123526594,7.5544437716164285,0.0,0.0,22.790247948063758,0.7825986250958774,0.0,0.923882272916962,0.4654337748036483,0.0,2,1
200,0.002209607982292463,0.0006405961971392971,0.0,0.0,0.0,0.0,0.001172128850878153,0.0013728785536633635,0.0,0.0,0.0010026105357064368,0.0,0.0,0.0,0.0,0.00024528382227105507,0.0,0.0,0.0,0.0,3,3
201,7.391491669168074,1.5838476518099194,1.351552681959419,62.08004877219106,0.00014009731389686182,0.0,0.0,18.94007547580276,1.3476957666819733,2.0767226666745526,0.0,0.0005629648909048684,0.0,0.0,12.22215624277906,0.0,0.0001243221424907174,0.7052960052534409,0.0,0.0,5,5
202,0.0016043284102331401,0.0,0.0,0.0,0.0,0.0,0.0011035754322708921,0.0019693119415132407,0.0,0.0,0.0,0.0,0.0003179254653967704,0.0006312307977122025,0.0,0.0,0.0,0.0,0.0002092661389923207,0.0,3,3
203,0.0,0.0004007665790784712,0.001832884033479137,0.0,0.0,0.0004060223348622505,9.966367307388562e-05,0.0012790782636064816,0.0006538282756255964,0.0,0.0,0.0,8.993433210669431e-05,0.0010052927758158062,0.0,0.0002596192226543974,0.0,0.0001350902203907908,0.0,0.00017838956522974998,3,3
204,745.5632959858469,8.220085574949882,6.472102946040409,333.58038336613293,12.553565471371693,3.0320763493881477,8.22930364694131,81.02575336401267,6.557430309298553,12.507425560566984,1.3982415255258749,1.3189482252869689,2.9927575519470264,4.976043625302974,47.41349163434219,0.6974553637897909,1.1896484054830134,0.5034236644189076,1.0800462338554198,0.6739306168809691,4,2
